pipeline,count,failures,avg_prompt_tokens,avg_retrieved_context_tokens,avg_output_tokens,avg_total_tokens,avg_token_reduction_pct_vs_llm_only,avg_answer_token_efficiency,avg_retrieval_compression_efficiency,avg_retrieval_latency_ms,avg_generation_latency_ms,avg_total_latency_ms,p50_total_latency_ms,p95_total_latency_ms,retrieval_hit_rate,avg_retrieved_chunk_count,avg_source_overlap,avg_citation_correctness,avg_context_relevance,avg_useful_chunk_ratio,avg_duplicate_chunk_ratio,avg_fabricated_citation_rate,avg_answer_context_mismatch,avg_unsupported_claim_estimate,avg_bertscore_raw_f1,avg_bertscore_rescaled_f1,judge_pass_rate,avg_judge_score,avg_judge_correctness_pct,avg_judge_grounding,avg_judge_factual_correctness,avg_judge_completeness,avg_judge_scientific_accuracy,judge_hallucination_rate,hackathon_token_reduction_score,hackathon_answer_accuracy_score,hackathon_performance_latency_score,hackathon_engineering_storytelling_score,hackathon_weighted_score,rank
graphrag,5,0,14.8,1898.6,14.0,28.8,87.3277319827472,0.49233333333333335,0.007373865566525534,67.78838580003139,0.02734120016611996,67.81723300018712,66.90375100015444,73.0816082002093,0.0,1.0,0.0,0.0,0.0,0.0,0.0,0.0,0.8181818181818182,0.0,0.3938750624656677,-0.24979155957698823,0.0,2.0,40.0,3.0,5.0,2.8,5.0,1.2,97.28762478809568,46.0,98.49909262308178,50.0,72.68610596104506,1
llm-only,5,0,46.4,0.0,188.6,235.0,0.0,0.6312541214965396,0.0,0.0,4157.771295200018,4157.771295200018,4328.653449000285,5015.618493799957,0.0,0.0,0.0,1.0,0.0,0.0,0.0,0.0,0.0,1.0,0.4994122087955475,-0.03218059130012989,0.0,1.6,32.0,2.6,2.4,1.8,1.8,3.6,77.86777170841967,49.94122087955475,7.981654036411056,25.0,44.93902858367453,2
basic-rag,5,0,900.6,627.2,161.2,1061.8,-363.450905943378,0.10018215629092048,0.2570268702797697,255.3099599998859,4262.886055000035,4518.415595999977,4515.548907999801,5403.126759200131,0.0,5.0,0.0,0.8,0.5222222222222223,1.0,0.0,0.0,0.5562265037593985,0.3265873015873016,0.4601150631904602,-0.1132088378071785,0.4,2.8,56.0,3.2,4.2,1.4,5.0,0.4,0.0,58.4,0.0,70.0,31.52,3
