pipeline,count,failures,avg_prompt_tokens,avg_retrieved_context_tokens,avg_output_tokens,avg_total_tokens,avg_token_reduction_pct_vs_llm_only,avg_answer_token_efficiency,avg_retrieval_compression_efficiency,avg_retrieval_latency_ms,avg_generation_latency_ms,avg_total_latency_ms,p50_total_latency_ms,p95_total_latency_ms,retrieval_hit_rate,avg_retrieved_chunk_count,avg_source_overlap,avg_citation_correctness,avg_context_relevance,avg_useful_chunk_ratio,avg_duplicate_chunk_ratio,avg_fabricated_citation_rate,avg_answer_context_mismatch,avg_unsupported_claim_estimate,avg_bertscore_raw_f1,avg_bertscore_rescaled_f1,judge_pass_rate,avg_judge_score,avg_judge_correctness_pct,avg_judge_grounding,avg_judge_factual_correctness,avg_judge_completeness,avg_judge_scientific_accuracy,judge_hallucination_rate,hackathon_token_reduction_score,hackathon_answer_accuracy_score,hackathon_performance_latency_score,hackathon_engineering_storytelling_score,hackathon_weighted_score,rank
llm-only,10,0,40.8,0.0,216.2,257.0,0.0,0.6628067774661002,0.0,0.0,5850.006758999962,5850.006758999962,4940.850807000061,11164.86945905007,0.0,0.0,0.0,1.0,0.0,0.0,0.0,0.0,0.0,1.0,0.5072132796049118,-0.01609527275431901,0.0,2.5,50.0,3.6,2.9,2.3,3.6,0.8,77.83145001293884,56.599999999999994,89.72871587124303,25.0,63.27517817813026,1
graphrag,10,0,11.3,6591.6,101.9,113.2,52.573560939481375,0.8896594599052875,0.017091856277374938,56954.38926169991,0.5726560000766767,56954.96965780003,51410.761407500104,89077.68992094944,0.0,18.3,0.0,0.0,0.9079365079365079,0.7787719298245614,0.0,0.0,0.021254900958644546,0.05353535353535353,0.5858603358268738,0.1460700176656246,0.8,3.6,72.0,3.7,4.5,3.6,4.7,0.9,90.23548693176917,72.6,0.0,50.0,58.850646079530755,2
basic-rag,10,0,941.8,674.5,217.5,1159.3,-379.0827819097059,0.11262887852611833,0.3161198318121192,158.57808149999073,6751.5781371999765,6910.437097800059,5093.437718000132,15670.036889199975,0.0,5.0,0.0,1.0,0.5278571428571428,0.84,0.0,0.0,0.43406593391033294,0.28726361357940305,0.5178962081670762,0.005932255508378148,0.8,3.6,72.0,3.8,4.8,3.3,4.7,0.9,0.0,73.2,87.86684087566069,75.0,54.53336817513213,3
