{
  "basic-rag": {
    "count": 60,
    "failures": 0,
    "avg_prompt_tokens": 1019.5666666666667,
    "avg_retrieved_context_tokens": 745.9,
    "avg_output_tokens": 116.51666666666667,
    "avg_total_tokens": 1136.0833333333333,
    "avg_token_reduction_pct_vs_llm_only": -1492.2554831444857,
    "avg_answer_token_efficiency": 0.06929566126216577,
    "avg_retrieval_compression_efficiency": 0.1611965267799695,
    "avg_retrieval_latency_ms": 219.30167781680817,
    "avg_generation_latency_ms": 3481.61312951676,
    "avg_total_latency_ms": 3701.2110765167563,
    "p50_total_latency_ms": 3593.0426035010896,
    "p95_total_latency_ms": 5224.083969850289,
    "retrieval_hit_rate": 0.0,
    "avg_retrieved_chunk_count": 5.0,
    "avg_source_overlap": 0.0,
    "avg_citation_correctness": 0.4166666666666667,
    "avg_context_relevance": 0.47962962962962963,
    "avg_useful_chunk_ratio": 0.8733333333333333,
    "avg_duplicate_chunk_ratio": 0.0,
    "avg_fabricated_citation_rate": 0.016666666666666666,
    "avg_answer_context_mismatch": 0.624326302898475,
    "avg_unsupported_claim_estimate": 0.3684770322270322,
    "avg_bertscore_raw_f1": 0.46601880838473636,
    "avg_bertscore_rescaled_f1": -0.10103568610114357,
    "judge_pass_rate": 0.03333333333333333,
    "avg_judge_score": 2.0166666666666666,
    "avg_judge_correctness_pct": 40.333333333333336,
    "avg_judge_grounding": 2.816666666666667,
    "avg_judge_factual_correctness": 3.4166666666666665,
    "avg_judge_completeness": 1.3833333333333333,
    "avg_judge_scientific_accuracy": 4.833333333333333,
    "judge_hallucination_rate": 0.31666666666666665,
    "hackathon_token_reduction_score": 0.0,
    "hackathon_answer_accuracy_score": 46.60188083847363,
    "hackathon_performance_latency_score": 92.32194774088636,
    "hackathon_engineering_storytelling_score": 60.0,
    "hackathon_weighted_score": 44.444953799719364
  },
  "graphrag": {
    "count": 60,
    "failures": 0,
    "avg_prompt_tokens": 15.0,
    "avg_retrieved_context_tokens": 5515.233333333334,
    "avg_output_tokens": 57.21666666666667,
    "avg_total_tokens": 72.21666666666667,
    "avg_token_reduction_pct_vs_llm_only": -1.2451097533578352,
    "avg_answer_token_efficiency": 0.7694574958550964,
    "avg_retrieval_compression_efficiency": 0.015671057836041807,
    "avg_retrieval_latency_ms": 48203.906187016735,
    "avg_generation_latency_ms": 1.169653716715402,
    "avg_total_latency_ms": 48205.07794960003,
    "p50_total_latency_ms": 51210.04702600021,
    "p95_total_latency_ms": 59291.906883300726,
    "retrieval_hit_rate": 0.0,
    "avg_retrieved_chunk_count": 16.25,
    "avg_source_overlap": 0.0,
    "avg_citation_correctness": 0.0,
    "avg_context_relevance": 0.7777777777777778,
    "avg_useful_chunk_ratio": 0.80703216374269,
    "avg_duplicate_chunk_ratio": 0.016666666666666666,
    "avg_fabricated_citation_rate": 0.0,
    "avg_answer_context_mismatch": 0.03148157108778171,
    "avg_unsupported_claim_estimate": 0.008333333333333333,
    "avg_bertscore_raw_f1": 0.5130609517296155,
    "avg_bertscore_rescaled_f1": -0.004037740543329467,
    "judge_pass_rate": 0.06666666666666667,
    "avg_judge_score": 2.066666666666667,
    "avg_judge_correctness_pct": 41.333333333333336,
    "avg_judge_grounding": 3.3833333333333333,
    "avg_judge_factual_correctness": 3.3333333333333335,
    "avg_judge_completeness": 3.15,
    "avg_judge_scientific_accuracy": 3.2,
    "judge_hallucination_rate": 1.25,
    "hackathon_token_reduction_score": 93.64336536345633,
    "hackathon_answer_accuracy_score": 51.306095172961555,
    "hackathon_performance_latency_score": 0.0,
    "hackathon_engineering_storytelling_score": 49.583333333333336,
    "hackathon_weighted_score": 53.40150482759203
  },
  "llm-only": {
    "count": 60,
    "failures": 0,
    "avg_prompt_tokens": 46.666666666666664,
    "avg_retrieved_context_tokens": 0.0,
    "avg_output_tokens": 24.733333333333334,
    "avg_total_tokens": 71.4,
    "avg_token_reduction_pct_vs_llm_only": 0.0,
    "avg_answer_token_efficiency": 0.22770717231331042,
    "avg_retrieval_compression_efficiency": 0.0,
    "avg_retrieval_latency_ms": 0.0,
    "avg_generation_latency_ms": 5345.732427283383,
    "avg_total_latency_ms": 5345.732427283383,
    "p50_total_latency_ms": 4843.983464000303,
    "p95_total_latency_ms": 7196.331490349711,
    "retrieval_hit_rate": 0.0,
    "avg_retrieved_chunk_count": 0.0,
    "avg_source_overlap": 0.0,
    "avg_citation_correctness": 1.0,
    "avg_context_relevance": 0.0,
    "avg_useful_chunk_ratio": 0.0,
    "avg_duplicate_chunk_ratio": 0.0,
    "avg_fabricated_citation_rate": 0.0,
    "avg_answer_context_mismatch": 0.0,
    "avg_unsupported_claim_estimate": 1.0,
    "avg_bertscore_raw_f1": 0.44784199992815654,
    "avg_bertscore_rescaled_f1": -0.13851512322823206,
    "judge_pass_rate": 0.0,
    "avg_judge_score": 1.6666666666666667,
    "avg_judge_correctness_pct": 33.333333333333336,
    "avg_judge_grounding": 1.1166666666666667,
    "avg_judge_factual_correctness": 1.9833333333333334,
    "avg_judge_completeness": 0.65,
    "avg_judge_scientific_accuracy": 2.683333333333333,
    "judge_hallucination_rate": 1.9333333333333333,
    "hackathon_token_reduction_score": 93.71524976160786,
    "hackathon_answer_accuracy_score": 44.78419999281565,
    "hackathon_performance_latency_score": 88.9104371268261,
    "hackathon_engineering_storytelling_score": 25.0,
    "hackathon_weighted_score": 64.33192235169228
  }
}
